Country Name;Country Code; 2000 ; 2001 ; 2002 ; 2003 ; 2004 ; 2005 ; 2006 ; 2007 ; 2008 ; 2009 ; 2010 ; 2011 ; 2012 ; 2013 ; 2014 ; 2015 ; 2016 ; 2017 ; 2018 ; 2019 ; 2020 ; 2021 
Aruba;ABW; 97.2912521362305 ;;;;;;;;;; 96.822639465332 ;;;;;;;; 97.8074188232422 ;;;
Africa Eastern and Southern;AFE;;;;;;;;;;;;;;;;;;;;;;
Afghanistan;AFG;;;;;;;;;;;; 31.4488506317139 ;;;;;;;;;; 37.266040802002 
Africa Western and Central;AFW;;;;;;;;;;;;;;;;;;;;;;
Angola;AGO;; 67.4054183959961 ;;;;;;;;;;;;; 66.0301132202148 ;;;;;;;
Albania;ALB;; 98.7129821777344 ;;;;;;; 95.9386367797852 ;;; 96.8452987670898 ; 97.2469711303711 ;;;;;; 98.1411514282227 ;;;
Andorra;AND;;;;;;;;;;;;;;;;;;;;;;
Arab World;ARB; 63.6845283508301 ; 64.8777770996094 ; 66.0455703735352 ; 68.6877365112305 ; 69.6366577148438 ; 69.2183990478516 ; 68.1370086669922 ; 68.6227188110352 ; 69.6215133666992 ; 68.3074493408203 ; 69.2486267089844 ; 71.0606079101563 ; 74.4356918334961 ; 74.0435791015625 ; 75.7138900756836 ; 73.4993896484375 ; 74.8407974243164 ; 75.7668228149414 ; 72.8690872192383 ; 73.1142501831055 ; 73.3677673339844 ;
United Arab Emirates;ARE;;;;;; 90.0338516235352 ;;;;;;;;;;;;;; 95.526481628418 ;;
Argentina;ARG;; 97.1933135986328 ;;;;; 98.6108016967773 ;;; 98.9834213256836 ; 98.9549713134766 ; 99.1083297729492 ; 99.1052322387695 ; 99.1219482421875 ; 98.9938888549805 ; 99.1799621582031 ; 99.1250076293945 ;; 99.0038681030273 ;;;
Armenia;ARM;; 99.4001617431641 ;;;;;;;;;; 99.7444076538086 ;;;;;; 99.7360687255859 ;;; 99.7886123657227 ;
American Samoa;ASM;;;;;;;;;;;;;;;;;;;;;;
Antigua and Barbuda;ATG;; 98.9499969482422 ;;;;;;;;;; 98.9499969482422 ;;;; 98.9499969482422 ;;;;;;
Australia;AUS;;;;;;;;;;;;;;;;;;;;;;
Austria;AUT;;;;;;;;;;;;;;;;;;;;;;
Azerbaijan;AZE;;;;;;;; 99.5931930541992 ;; 99.7598419189453 ; 99.7711410522461 ; 99.7786331176758 ; 99.7757720947266 ; 99.7893600463867 ; 99.7889862060547 ; 99.7880630493164 ; 99.7900619506836 ; 99.7912292480469 ;; 99.7959823608398 ;;
Burundi;BDI; 59.3036193847656 ;;;;;;;; 48.0840606689453 ;;;;;; 61.5134887695313 ;;; 68.3753280639648 ;;;;
Belgium;BEL;;;;;;;;;;;;;;;;;;;;;;
Benin;BEN;;; 34.6578483581543 ;;;; 28.7021102905273 ;;;;;; 32.9488182067871 ;;;;;; 42.3624000549316 ;;;
Burkina Faso;BFA;;;; 21.8229198455811 ;; 23.5221996307373 ; 22.4725799560547 ; 28.2936592102051 ;;;;;;; 34.5993995666504 ;;;; 39.3458518981934 ;;;
Bangladesh;BGD;; 47.4855003356934 ;;;;;; 46.6636009216309 ;;;; 58.7691802978516 ; 57.8607482910156 ; 61.0155410766602 ; 61.0932998657227 ; 65.1373291015625 ; 72.7587203979492 ; 72.8929672241211 ; 73.9122009277344 ; 74.6844635009766 ; 74.9088973999023 ;
Bulgaria;BGR;; 98.2035598754883 ;;;;;;;;;; 98.3524475097656 ;;;;;;;;;;
Bahrain;BHR;; 86.5487365722656 ;;;;;;;;; 90.9774017333984 ;;;;;;;;;;;
Bahamas; The;;;;;;;;;;;;;;;;;;;;;;
Bosnia and Herzegovina;BIH; 96.6631011962891 ;;;;;;;;;;; 98.1420364379883 ;; 96.9917678833008 ;;;;;;;;
Belarus;BLR;;;;;;;;;; 99.617057800293 ;;;;;;;;;; 99.8740005493164 ;;
Belize;BLZ; 76.9029769897461 ;;;;;;;;;;;;;;;;;;;;;
Bermuda;BMU;;;;;;;;;;;;;;;;;;;;;;
Bolivia;BOL;; 86.7236709594727 ;;;;;; 90.7434692382813 ; 90.698112487793 ; 91.1678314208984 ;; 92.2261505126953 ; 94.4605712890625 ;;; 92.455078125 ;;;;; 93.8525619506836 ;
Brazil;BRA; 86.3678817749023 ;;;; 88.6162414550781 ;; 89.6152267456055 ; 90.0093688964844 ; 90.03662109375 ; 90.298210144043 ; 90.3791809082031 ; 91.4112396240234 ; 91.3378524780273 ; 91.4842376708984 ; 91.7294311523438 ; 92.0478973388672 ; 92.8084411621094 ; 93.0758209228516 ; 93.2275009155273 ;;;
Barbados;BRB;;;;; 99.5999984741211 ;;;;;;;;;; 99.5999984741211 ;;;;;;;
Brunei Darussalam;BRN;; 92.6711273193359 ;;;;;;;;;; 96.085563659668 ;;;;;;; 97.214111328125 ;;;
Bhutan;BTN;;;;;; 52.8146896362305 ;;;;;;; 55.3175582885742 ;;;;; 66.561149597168 ;;;;
Botswana;BWA;;;; 81.1887130737305 ;;;;;;;;;; 86.8231811523438 ;;;;;;;;
Central African Republic;CAF; 50.6451683044434 ;;;;;;;;;; 36.7526092529297 ;;;;;;;; 37.3958206176758 ;;;
Canada;CAN;;;;;;;;;;;;;;;;;;;;;;
Central Europe and the Baltics;CEB; 98.5088500976563 ; 98.5358123779297 ; 98.5658416748047 ; 98.5824432373047 ; 98.6052322387695 ; 98.6279678344727 ; 98.635627746582 ; 98.6540603637695 ; 98.6918487548828 ; 98.8988265991211 ; 98.9172210693359 ; 98.9342498779297 ; 98.9453887939453 ; 98.9543380737305 ; 98.9662933349609 ; 98.9777297973633 ; 98.9910278320313 ;;;;;
Switzerland;CHE;;;;;;;;;;;;;;;;;;;;;;
Channel Islands;CHI;;;;;;;;;;;;;;;;;;;;;;
Chile;CHL;;; 95.7166213989258 ;;;;;; 97.7224502563477 ; 97.6642303466797 ;; 96.703010559082 ;; 96.2670593261719 ;; 96.8741302490234 ;; 96.4022827148438 ;;;;
China;CHN; 90.9202117919922 ;;;;;;;;;; 95.1244812011719 ;;;;;;;; 96.8408889770508 ;;;
Cote d'Ivoire;CIV; 48.7407608032227 ;;;;;;;;;;;; 40.9816284179688 ;; 43.9084205627441 ;;;;; 89.8934173583984 ;;
Cameroon;CMR; 68.4091567993164 ;;;;;;; 70.6799392700195 ;;; 71.2905120849609 ;;;;;;;; 77.0710372924805 ;;;
Congo; Dem. Rep.;;; 67.1729888916016 ;;;;;; 61.2055511474609 ;;;;; 75.0171890258789 ;;;; 77.0426788330078 ;;;;
Congo; Rep.;;;;;;; 76.1147918701172 ;;;;;; 79.3111724853516 ;;;;;;; 80.2987594604492 ;;
Colombia;COL;;;;; 92.8037796020508 ; 92.8486633300781 ; 92.2996826171875 ; 92.6517868041992 ; 93.3781814575195 ; 93.2446899414063 ; 93.3723297119141 ; 93.5805282592773 ;;; 94.1862487792969 ; 94.2450485229492 ; 94.6538467407227 ;; 95.0925064086914 ; 95.249267578125 ; 95.6363296508789 ;
Comoros;COM; 68.4892272949219 ;;;;;;;;;;;; 49.1961402893066 ;;;;;; 58.8170204162598 ;;;
Cabo Verde;CPV; 76.1104431152344 ;;;;;;;;;;;; 85.3277893066406 ;;; 86.7902908325195 ;;;;;;
Costa Rica;CRI; 94.8681869506836 ;;;;;;;;;;; 97.4065780639648 ;;;;;;; 97.8637924194336 ;;;
Caribbean small states;CSS; 87.9216079711914 ; 88.2242889404297 ; 88.510871887207 ; 88.7854690551758 ; 89.0601577758789 ; 89.3650894165039 ; 89.5564117431641 ; 90.1571273803711 ; 90.4194717407227 ; 90.6442718505859 ; 90.8884582519531 ; 91.0886917114258 ; 91.107292175293 ; 91.1765213012695 ; 91.349479675293 ; 91.4435577392578 ;;;;;;
Cuba;CUB;;; 99.799072265625 ;;;;;;;;;; 99.7525329589844 ;;;;;;;;;
Curacao;CUW;;;;;;;;;;;;;;;;;;;;;;
Cayman Islands;CYM;;;;;;;; 98.8678207397461 ;;;;;;;;;;;;;;
Cyprus;CYP;; 96.8036270141602 ;;;;;;;;;; 98.6784286499023 ;;;;;;;;;;
Czech Republic;CZE;;;;;;;;;;;;;;;;;;;;;;
Germany;DEU;;;;;;;;;;;;;;;;;;;;;;
Djibouti;DJI;;;;;;;;;;;;;;;;;;;;;;
Dominica;DMA;;;;;;;;;;;;;;;;;;;;;;
Denmark;DNK;;;;;;;;;;;;;;;;;;;;;;
Dominican Republic;DOM;;; 86.996467590332 ;;;;; 88.2444610595703 ;;; 89.5387268066406 ; 90.1063766479492 ; 90.1551818847656 ; 90.8581466674805 ; 91.7637634277344 ; 91.9912109375 ; 93.7784576416016 ;;;;;
Algeria;DZA;;; 69.8734970092773 ;;;; 72.648681640625 ;; 75.1360473632813 ;;;;;;;;;; 81.4078369140625 ;;;
East Asia & Pacific (excluding high income);EAP; 90.5564727783203 ; 91.0065536499023 ; 91.3846969604492 ; 91.7557678222656 ; 92.0928192138672 ; 92.4608993530273 ; 92.8839874267578 ; 93.9614715576172 ; 94.198600769043 ; 94.5188293457031 ; 94.6077423095703 ; 94.4559097290039 ; 94.6779403686523 ; 94.7790222167969 ; 95.195671081543 ; 95.4092330932617 ; 95.53955078125 ; 95.7292861938477 ; 95.8791198730469 ; 96.0267868041992 ; 96.1731491088867 ;
Early-demographic dividend;EAR; 68.2502212524414 ; 68.6785583496094 ; 69.372428894043 ; 70.4044418334961 ; 71.1938934326172 ; 70.9864807128906 ; 71.2460174560547 ; 72.0518188476563 ; 73.2806701660156 ; 74.142578125 ; 75.2829208374023 ; 75.2880020141602 ; 75.919319152832 ; 76.4218978881836 ; 77.2373733520508 ; 77.9557800292969 ; 78.5781021118164 ; 79.0169982910156 ; 79.354133605957 ; 79.8409881591797 ; 80.307258605957 ;
East Asia & Pacific;EAS; 90.313850402832 ; 90.7394790649414 ; 91.1237335205078 ; 91.5148696899414 ; 91.8668518066406 ; 92.2486877441406 ; 92.6711120605469 ; 93.660026550293 ; 93.9256896972656 ; 94.2469100952148 ; 94.2679901123047 ; 94.0752410888672 ; 94.313362121582 ; 94.4203720092773 ; 94.9177322387695 ; 95.1382675170898 ; 95.2753829956055 ; 95.4714279174805 ; 95.6253204345703 ; 95.7740097045898 ; 95.919792175293 ;
Europe & Central Asia (excluding high income);ECA; 96.8666534423828 ; 96.9455032348633 ; 97.0317764282227 ; 97.1056594848633 ; 97.2827682495117 ; 97.4964218139648 ; 97.4550170898438 ; 97.5509490966797 ; 97.5549774169922 ; 98.0633697509766 ; 98.3786773681641 ; 98.6346893310547 ; 98.7682189941406 ; 98.8167190551758 ; 98.8498077392578 ; 98.8784637451172 ; 98.9988784790039 ; 98.9724578857422 ; 99.0077362060547 ; 99.0434875488281 ; 99.0774688720703 ;
Europe & Central Asia;ECS; 96.4207611083984 ; 96.516960144043 ; 96.6961212158203 ; 96.7901992797852 ; 96.9191436767578 ; 96.9244689941406 ; 97.0769119262695 ; 97.0874710083008 ; 97.2470703125 ; 97.4175262451172 ; 97.5809478759766 ; 97.8936767578125 ; 97.9982223510742 ; 98.0686416625977 ; 98.1163482666016 ; 98.1648712158203 ; 98.2547912597656 ; 98.2719192504883 ; 98.3335189819336 ; 98.3789672851563 ; 98.4282836914063 ;
Ecuador;ECU;; 90.9840316772461 ;;;;;; 92.0967864990234 ; 92.3900527954102 ; 92.2497634887695 ; 91.8540420532227 ; 91.5868988037109 ; 92.0647277832031 ; 93.2946319580078 ; 94.2226409912109 ; 94.4556579589844 ; 94.350227355957 ; 92.8297882080078 ;;; 93.6260986328125 ;
Egypt; Arab Rep.;;;;;;; 67.3318710327148 ; 66.3699111938477 ;;;; 72.0478515625 ;; 73.865592956543 ; 72.442497253418 ;;;; 71.1682510375977 ;;;
Euro area;EMU;;;;;;;;;;;;;;;;;;;;;;
Eritrea;ERI;;; 52.5139503479004 ;;;;;; 64.662971496582 ;;;;;;;;;; 76.5705184936523 ;;;
Spain;ESP;;;;; 97.1651229858398 ; 97.7506866455078 ; 97.7521362304688 ; 97.9388427734375 ; 97.6306076049805 ; 97.6792678833008 ; 97.7489013671875 ; 97.7837524414063 ; 97.8945388793945 ; 98.0791320800781 ; 98.0937194824219 ; 98.1432571411133 ; 98.2505111694336 ;; 98.4365005493164 ;; 98.5944595336914 ;
Estonia;EST; 99.7671966552734 ;;;;;;;;;;; 99.8857879638672 ;;;;;;;;;;
Ethiopia;ETH;;;;; 35.9000015258789 ; 29.8203392028809 ;; 38.995979309082 ;;;;;;;;;; 51.7711791992188 ;;;;
European Union;EUU;;;;;;;;;;;;;;;;;;;;;;
Fragile and conflict affected situations;FCS; 60.7493286132813 ; 61.5615386962891 ; 62.0209197998047 ; 61.9864082336426 ; 63.1284217834473 ; 63.3391990661621 ; 64.6233673095703 ; 60.5132789611816 ; 60.5336494445801 ; 60.0224914550781 ; 60.2872886657715 ; 60.1002807617188 ; 62.0115699768066 ; 62.4382286071777 ; 63.4073600769043 ; 62.1488914489746 ; 64.2720031738281 ; 65.0060195922852 ; 63.4959907531738 ; 63.7493705749512 ; 63.9818801879883 ;
Finland;FIN;;;;;;;;;;;;;;;;;;;;;;
Fiji;FJI;;;;;;;;;;;;;;;;;;;;;;
France;FRA;;;;;;;;;;;;;;;;;;;;;;
Faroe Islands;FRO;;;;;;;;;;;;;;;;;;;;;;
Micronesia; Fed. Sts.;;;;;;;;;;;;;;;;;;;;;;
Gabon;GAB;;;;;;;;;;;;; 82.2837982177734 ;;;;;; 84.6671600341797 ;;;
United Kingdom;GBR;;;;;;;;;;;;;;;;;;;;;;
Georgia;GEO;;; 99.6523513793945 ;;;;;;;;;;;; 99.5861892700195 ;;; 99.3642578125 ;; 99.5584411621094 ;;
Ghana;GHA; 57.8974685668945 ;;;;;;;;;; 71.4970703125 ;;;;;;;; 79.0396423339844 ;;;
Gibraltar;GIB;;;;;;;;;;;;;;;;;;;;;;
Guinea;GIN;;;; 29.7040195465088 ;;;;;;; 25.3077392578125 ;;;; 32.0038414001465 ;;;; 39.6176795959473 ;;;
Gambia; The;; 36.8177299499512 ;;;;;;;;;;;;; 41.9500503540039 ;; 50.7779693603516 ;;;;;
Guinea-Bissau;GNB; 41.3577690124512 ;;;;;;;;;;;;;; 45.5811614990234 ;;;;;;;
Equatorial Guinea;GNQ; 88.3082962036133 ;;;;;;;;;; 94.3705368041992 ;;;;;;;;;;;
Greece;GRC;; 95.9943618774414 ;;;; 93.0443115234375 ;; 93.9315490722656 ;; 93.9051132202148 ;; 97.3687362670898 ;;;;;;; 97.9359512329102 ;;;
Grenada;GRD;;;;; 98.5999984741211 ;;;;;;;;;; 98.5999984741211 ;;;;;;;
Greenland;GRL;;;;;;;;;;;;;;;;;;;;;;
Guatemala;GTM;;; 69.1017303466797 ;;;;;;;;;; 78.2648620605469 ; 77.0386734008789 ; 81.2858963012695 ;;;; 80.810676574707 ;;;
Guam;GUM;;;;;;;;;;;;;;;;;;;;;;
Guyana;GUY;;;;;;;;;; 84.994010925293 ;;;;; 85.6397323608398 ;;;;;;;
High income;HIC;;;;;;;;;;;;;;;;;;;;;;
Hong Kong SAR; China;;;;;;;;;;;;;;;;;;;;;;
Honduras;HND;; 80.0110321044922 ;;;;;; 83.5889892578125 ;;; 84.7553634643555 ; 85.1232986450195 ; 85.3555526733398 ; 85.4644165039063 ; 87.1975326538086 ; 87.9068298339844 ; 88.9874801635742 ;; 87.2052383422852 ; 88.5074310302734 ;;
Heavily indebted poor countries (HIPC);HPC; 50.1425590515137 ; 51.0013618469238 ; 51.454231262207 ; 52.2774085998535 ; 53.7155685424805 ; 52.9545516967773 ; 51.3365898132324 ; 52.8661689758301 ; 53.1087188720703 ; 53.2583389282227 ; 54.0748901367188 ; 56.105110168457 ; 57.3334007263184 ; 58.3261795043945 ; 59.1648406982422 ; 59.6467590332031 ; 60.4588088989258 ; 61.3889312744141 ; 61.8828887939453 ; 62.5051918029785 ; 63.0504112243652 ;
Croatia;HRV;; 98.1466827392578 ;;;;;;;;;; 99.125358581543 ;;;;;;;;;;
Haiti;HTI;;;; 58.7439002990723 ;;; 48.6850204467773 ;;;;;;;;;; 61.691349029541 ;;;;;
Hungary;HUN;;;;;;;;;;;;;;; 99.0999984741211 ;;;;;;;
IBRD only;IBD; 82.4933013916016 ; 82.8407287597656 ; 83.2699890136719 ; 83.9349670410156 ; 84.3295669555664 ; 84.3632888793945 ; 84.4233932495117 ; 85.4960098266602 ; 85.8472137451172 ; 86.2550430297852 ; 86.8349304199219 ; 87.1953277587891 ; 87.6995620727539 ; 87.8695602416992 ; 88.3409576416016 ; 88.4513778686523 ; 88.8177490234375 ; 89.0443572998047 ; 89.0665435791016 ; 89.3655319213867 ; 89.6266403198242 ;
IDA & IBRD total;IBT; 77.5532379150391 ; 77.9418029785156 ; 78.3900680541992 ; 79.030517578125 ; 79.5342102050781 ; 79.4654083251953 ; 79.735237121582 ; 80.109733581543 ; 80.6834335327148 ; 81.0526428222656 ; 81.5701370239258 ; 81.8302001953125 ; 82.3573608398438 ; 82.5946731567383 ; 83.0706100463867 ; 83.2806396484375 ; 83.8155822753906 ; 84.0964126586914 ; 84.1251373291016 ; 84.4069519042969 ; 84.6537933349609 ;
IDA total;IDA; 55.1706008911133 ; 55.9487609863281 ; 56.6560592651367 ; 57.3517799377441 ; 58.5179481506348 ; 58.2118492126465 ; 59.5979881286621 ; 57.2163391113281 ; 59.0065116882324 ; 59.4889106750488 ; 60.0211715698242 ; 60.1429405212402 ; 61.0373191833496 ; 61.8195304870605 ; 62.5942192077637 ; 63.475959777832 ; 64.9292678833008 ; 65.6905136108398 ; 66.0243072509766 ; 66.5263290405273 ; 67.0073699951172 ;
IDA blend;IDB; 57.8624992370605 ; 58.7904014587402 ; 59.4720993041992 ; 60.0876007080078 ; 61.3072891235352 ; 60.705638885498 ; 66.5336837768555 ; 59.7727813720703 ; 61.0091514587402 ; 61.9425888061523 ; 62.3970489501953 ; 62.470458984375 ; 63.8763084411621 ; 63.7358283996582 ; 64.5992431640625 ; 65.0277404785156 ; 65.7280578613281 ; 66.5838317871094 ; 66.5693511962891 ; 66.9814529418945 ; 67.3923263549805 ;
Indonesia;IDN;;;;; 90.3847885131836 ;; 91.9822692871094 ;; 92.1922988891602 ; 92.5817031860352 ;; 92.8119125366211 ;;; 95.1162185668945 ; 95.2179336547852 ; 95.3769683837891 ;; 95.658561706543 ;; 95.9990081787109 ;
IDA only;IDX; 53.3730316162109 ; 54.0827293395996 ; 54.8130187988281 ; 55.5561218261719 ; 56.7101211547852 ; 56.5547790527344 ; 55.7099685668945 ; 55.5255012512207 ; 57.6196899414063 ; 57.8813400268555 ; 58.4644317626953 ; 58.6186408996582 ; 59.2657699584961 ; 60.5303611755371 ; 61.2715606689453 ; 62.3978691101074 ; 64.2529525756836 ; 64.9792785644531 ; 65.4988708496094 ; 66.0565719604492 ; 66.582649230957 ;
Isle of Man;IMN;;;;;;;;;;;;;;;;;;;;;;
India;IND;; 61.0145606994629 ;;;;; 62.7544708251953 ;;;;; 69.3025588989258 ;;;;;;; 74.3729934692383 ;;;
Not classified;INX;;;;;;;;;;;;;;;;;;;;;;
Ireland;IRL;;;;;;;;;;;;;;;;;;;;;;
Iran; Islamic Rep.;;;; 77 ;;; 82.4412002563477 ; 82.3313217163086 ;; 82.9623031616211 ;;;; 83.6259918212891 ; 84.6268005371094 ; 84.7052383422852 ;; 85.5442504882813 ;;;;
Iraq;IRQ; 74.0522003173828 ;;;;;;;;;;;; 77.1999969482422 ; 72.6999969482422 ; 82.1999969482422 ;; 83.3000030517578 ; 85.5999984741211 ;;;;
Iceland;ISL;;;;;;;;;;;;;;;;;;;;;;
Israel;ISR;;;;;;;;;;;;;;;;;;;;;;
Italy;ITA;; 98.416618347168 ;;;;;;;;;; 98.8482818603516 ;;;;;;; 99.15576171875 ; 99.3490982055664 ;;
Jamaica;JAM;;;;;;;;;;;;;;; 88.0999984741211 ;;;;;;;
Jordan;JOR;;;; 89.8923187255859 ;; 91.1307525634766 ;; 92.199577331543 ;;; 92.5510406494141 ; 95.9044494628906 ; 97.8903198242188 ;;;;;; 98.2271118164063 ;;;
Japan;JPN;;;;;;;;;;;;;;;;;;;;;;
Kazakhstan;KAZ;;;;;;;;;; 99.7324066162109 ; 99.7816314697266 ;;;;;;;; 99.7816314697266 ;;;
Kenya;KEN; 82.2290802001953 ;;;;;;; 72.1570281982422 ;;;;;;; 78.733039855957 ;;;; 81.5349731445313 ;;;
Kyrgyz Republic;KGZ;;;;;;;;;; 99.2434310913086 ;;;;;;;;; 99.5859985351563 ;;;
Cambodia;KHM;;;;; 73.6099472045898 ;;;; 76.8712921142578 ; 76.1379623413086 ;;;;; 78.0550918579102 ; 80.5264892578125 ;;;;;;
Kiribati;KIR;;;;;;;;;;;;;;;;;;;;;;
St. Kitts and Nevis;KNA;;;;;;;;;;;;;;;;;;;;;;
Korea; Rep.;;;;;;;;;; 97.9659423828125 ;;;;;;;;;;;;
Kuwait;KWT;;;;;; 93.2744598388672 ; 93.2821197509766 ; 93.664192199707 ; 93.8983001708984 ;; 94.4690093994141 ;; 95.5131683349609 ; 95.585823059082 ;; 95.6854476928711 ;; 96.0359497070313 ; 96.0564727783203 ;; 96.4575424194336 ;
Latin America & Caribbean (excluding high income);LAC; 88.6890869140625 ; 88.7828598022461 ; 88.8950881958008 ; 89.706298828125 ; 89.6801223754883 ; 90.1793823242188 ; 90.1808319091797 ; 90.7081832885742 ; 90.9834289550781 ; 91.3837127685547 ; 91.3902893066406 ; 92.0139999389648 ; 92.2384872436523 ; 92.3103790283203 ; 92.7641906738281 ; 92.9517974853516 ; 93.4255905151367 ; 93.5702819824219 ; 93.7275314331055 ; 94.170280456543 ; 94.3315277099609 ;
Lao PDR;LAO; 69.583122253418 ; 68.7343902587891 ;;;; 72.702262878418 ;;;;;; 58.2879409790039 ;;;; 84.6610412597656 ;;;;;;
Lebanon;LBN;;;;;;;; 89.6124420166016 ;; 91.1841888427734 ;;;;;;;;; 95.0694427490234 ;;;
Liberia;LBR;;;;;;;; 42.9410781860352 ;;;;;;;;;; 48.3013610839844 ;;;;
Libya;LBY;;;;; 86.0999984741211 ;;;;;;;;;;;;;;;;;
St. Lucia;LCA;;;;;;;;;;;;;;;;;;;;;;
Latin America & Caribbean;LCN; 89.0331497192383 ; 89.1287002563477 ; 89.2387619018555 ; 90.0046691894531 ; 89.9862518310547 ; 90.4638824462891 ; 90.476936340332 ; 91.0505599975586 ; 91.2893676757813 ; 91.6685104370117 ; 91.6458587646484 ; 92.2379608154297 ; 92.4611587524414 ; 92.5070571899414 ; 92.9482116699219 ; 93.1327514648438 ; 93.5949630737305 ; 93.7087478637695 ; 93.8686599731445 ; 94.2945098876953 ; 94.4512329101563 ;
Least developed countries: UN classification;LDC; 51.647331237793 ; 52.2954216003418 ; 52.9467887878418 ; 53.793628692627 ; 55.0078086853027 ; 54.7810211181641 ; 53.7854385375977 ; 53.3418312072754 ; 55.5559387207031 ; 56.1546287536621 ; 56.6507987976074 ; 56.7677116394043 ; 57.5063209533691 ; 58.8749885559082 ; 59.6256408691406 ; 60.8761215209961 ; 62.8924102783203 ; 63.6829414367676 ; 64.27587890625 ; 64.8578033447266 ; 65.4157791137695 ;
Low income;LIC; 50.6435890197754 ; 51.4402885437012 ; 52.095588684082 ; 52.5735893249512 ; 54.101619720459 ; 53.389720916748 ; 51.5245094299316 ; 52.8640785217285 ; 53.2927513122559 ; 53.7956695556641 ; 54.2521591186523 ; 56.1606216430664 ; 56.6329383850098 ; 57.6202201843262 ; 58.0270500183105 ; 58.580020904541 ; 59.2853889465332 ; 60.1051483154297 ; 60.496711730957 ; 60.9580497741699 ; 61.3689002990723 ;
Liechtenstein;LIE;;;;;;;;;;;;;;;;;;;;;;
Sri Lanka;LKA;; 90.682746887207 ;;;;; 90.8088302612305 ;; 90.5579528808594 ;; 91.1813583374023 ;;;;;; 92.3869018554688 ; 91.895751953125 ; 91.7098236083984 ; 92.2529602050781 ; 92.3823013305664 ;
Lower middle income;LMC; 64.1130676269531 ; 64.6119766235352 ; 65.4485397338867 ; 66.3755722045898 ; 67.1263427734375 ; 66.7508087158203 ; 67.5470733642578 ; 67.3390274047852 ; 68.596321105957 ; 69.2816162109375 ; 70.5001831054688 ; 70.7101211547852 ; 71.5862731933594 ; 72.1070709228516 ; 72.8635787963867 ; 73.6382675170898 ; 74.3532867431641 ; 75.0041427612305 ; 75.4316329956055 ; 75.9675674438477 ; 76.4884567260742 ;
Low & middle income;LMY; 77.3191604614258 ; 77.715202331543 ; 78.1727523803711 ; 78.8244781494141 ; 79.3366394042969 ; 79.2699508666992 ; 79.5449600219727 ; 79.9194717407227 ; 80.5046997070313 ; 80.8770599365234 ; 81.4062271118164 ; 81.6724472045898 ; 82.2067031860352 ; 82.4515228271484 ; 82.9334564208984 ; 83.1472015380859 ; 83.6880187988281 ; 83.9768371582031 ; 84.0070877075195 ; 84.2930908203125 ; 84.5436706542969 ;
Lesotho;LSO; 86.2544326782227 ;;;;;;;;; 75.8002014160156 ;;;;; 76.6352005004883 ;;;;;;;
Late-demographic dividend;LTE; 91.1841430664063 ; 91.5864105224609 ; 91.9046173095703 ; 92.2973098754883 ; 92.5467300415039 ; 92.8725662231445 ; 93.0986709594727 ; 94.0868225097656 ; 94.3042526245117 ; 94.584587097168 ; 94.6077499389648 ; 95.1283187866211 ; 95.3002014160156 ; 95.3656997680664 ; 95.5311737060547 ; 95.6782608032227 ; 95.875602722168 ; 96.0110397338867 ; 96.1560592651367 ; 96.3400802612305 ; 96.4721984863281 ;
Lithuania;LTU;; 99.645751953125 ;;;;;;;;;; 99.8155975341797 ;;;;;;;;;;
Luxembourg;LUX;;;;;;;;;;;;;;;;;;;;;;
Latvia;LVA; 99.7465667724609 ;;;;;;;;;;; 99.8958969116211 ;;;;;;; 99.8893127441406 ;;;
Macao SAR; China;;; 91.2953720092773 ;;;;; 93.4997482299805 ;;;;; 95.6400375366211 ;;;;; 96.5384902954102 ;;;;
St. Martin (French part);MAF;;;;;;;;;;;;;;;;;;;;;;
Morocco;MAR;;;;; 52.3062591552734 ;;;; 55.1479187011719 ; 56.0836715698242 ;; 67.0841598510742 ; 69.4253921508789 ;; 75.5861968994141 ;;;; 73.7500076293945 ;;;
Monaco;MCO;;;;;;;;;;;;;;;;;;;;;;
Moldova;MDA; 96.6538009643555 ;;;;;;;;;;;;;; 99.3598937988281 ;;;;;;;
Madagascar;MDG; 70.6861724853516 ;;;;; 58.9359397888184 ;;;; 64.4809112548828 ;;; 71.5726165771484 ;;;;;; 76.6796798706055 ;;;
Maldives;MDV;;;;;;; 98.3979034423828 ;;;;;;;; 98.6101226806641 ;; 97.7349472045898 ;;;;;
Middle East & North Africa;MEA; 69.1052169799805 ; 70.2347717285156 ; 70.6838073730469 ; 73.9426116943359 ; 74.8511962890625 ; 74.4371185302734 ; 74.5766525268555 ; 75.0790405273438 ; 75.7685394287109 ; 75.6679916381836 ; 76.4809188842773 ; 77.2680206298828 ; 79.8938217163086 ; 79.6948623657227 ; 81.1423416137695 ; 79.4324264526367 ; 80.455192565918 ; 81.5253982543945 ; 78.9814300537109 ; 79.3101425170898 ; 79.648681640625 ;
Mexico;MEX; 90.5356216430664 ;; 90.2746505737305 ;; 90.953742980957 ; 91.6302719116211 ; 91.7345199584961 ; 92.7951736450195 ; 92.9255981445313 ; 93.4418792724609 ; 93.0689392089844 ; 93.5199813842773 ; 94.228401184082 ; 93.9628524780273 ; 94.5558776855469 ; 94.472282409668 ; 94.859619140625 ; 94.9727783203125 ; 95.3799133300781 ;; 95.2478485107422 ;
Marshall Islands;MHL;;;;;;;;;;;; 98.2650833129883 ;;;;;;;;;;
Middle income;MIC; 79.1766204833984 ; 79.5609512329102 ; 80.0204925537109 ; 80.7011871337891 ; 81.1590881347656 ; 81.1610870361328 ; 81.6164703369141 ; 81.9461288452148 ; 82.5723266601563 ; 82.9650726318359 ; 83.5306777954102 ; 83.6968765258789 ; 84.2653579711914 ; 84.4799880981445 ; 84.9993133544922 ; 85.2175521850586 ; 85.7772903442383 ; 86.0545501708984 ; 86.0886611938477 ; 86.3962631225586 ; 86.6713104248047 ;
North Macedonia;MKD;;; 96.1289291381836 ;;;;;;;;;;;; 97.8000030517578 ;;;;;;;
Mali;MLI;;;; 24 ;;; 26.176549911499 ;;;; 31.0997505187988 ; 30.6186695098877 ;;;; 33.0688896179199 ;;; 35.4737701416016 ;; 30.7614097595215 ;
Malta;MLT;;;;;; 92.3630905151367 ;;;;;; 93.3073577880859 ;;;;;;; 94.5031890869141 ;;;
Myanmar;MMR; 89.9417572021484 ;;;;;;;;;;;;;;;; 75.5512008666992 ;;; 89.0699462890625 ;;
Middle East & North Africa (excluding high income);MNA; 67.2686614990234 ; 68.4213104248047 ; 68.7365570068359 ; 72.3930206298828 ; 73.2911682128906 ; 72.7040481567383 ; 72.6973190307617 ; 73.1150131225586 ; 73.715446472168 ; 73.4504089355469 ; 74.2738800048828 ; 74.5091094970703 ; 77.5119094848633 ; 77.1405029296875 ; 78.7946319580078 ; 76.6233215332031 ; 77.8165588378906 ; 79.0347671508789 ; 75.9643402099609 ; 76.3424072265625 ; 76.718391418457 ;
Montenegro;MNE;;;; 97.7734603881836 ;;;;;;;; 98.4422073364258 ;;;;;;; 98.8471832275391 ;;;
Mongolia;MNG; 97.7688522338867 ;;;;;;;;;; 98.2570037841797 ;;;;;;;;;; 99.1832733154297 ;
Northern Mariana Islands;MNP;;;;;;;;;;;;;;;;;;;;;;
Mozambique;MOZ;;;; 48.1588401794434 ;;;;;; 50.5838088989258 ;;;;;; 56.0390014648438 ;; 60.6554298400879 ;;;;
Mauritania;MRT; 51.2076797485352 ;;;;;;; 45.5037803649902 ;;;;;; 62.0687484741211 ;;;; 53.4975891113281 ;;;;
Mauritius;MUS; 84.303092956543 ;;;;;;;;;;; 89.2498397827148 ; 91.7660064697266 ; 91.4900283813477 ; 92.4747619628906 ; 92.7076034545898 ; 93.1578369140625 ;;;;;
Malawi;MWI;;;;;;;;;;; 61.3097190856934 ;;;; 65.1453704833984 ; 62.1435394287109 ;;;;;;
Malaysia;MYS; 88.6877593994141 ;;;;;;;;;; 93.1178894042969 ;;;;;; 94.8805770874023 ; 95.082649230957 ; 94.8544082641602 ; 94.9711303710938 ;;
North America;NAC;;;;;;;;;;;;;;;;;;;;;;
Namibia;NAM;; 84.9442596435547 ;;;;;; 76.4865875244141 ;;;; 88.2746276855469 ;;;;;;; 91.5272674560547 ;;;
New Caledonia;NCL;;;;;;;;;;;;;;; 97.8000030517578 ;;;;;;;
Niger;NER;; 14.3760404586792 ;;;; 28.672420501709 ;;;;;;; 30.5603904724121 ;;;;;; 35.0499992370605 ;;;
Nigeria;NGA;;;; 54.7731781005859 ;;; 70.1983489990234 ;; 51.0776596069336 ;;;;;;;;;; 62.0160102844238 ;;;
Nicaragua;NIC;; 76.677131652832 ;;;; 78.0029830932617 ;;;;;;;;;; 82.6145477294922 ;;;;;;
Netherlands;NLD;;;;;;;;;;;;;;;;;;;;;;
Norway;NOR;;;;;;;;;;;;;;;;;;;;;;
Nepal;NPL;; 48.6089706420898 ;;;;;;;;;; 59.6272506713867 ;;;;;;; 67.9084320068359 ;;;
Nauru;NRU;;;;;;;;;;;;;;;;;;;;;;
New Zealand;NZL;;;;;;;;;;;;;;;;;;;;;;
OECD members;OED;;;;;;;;;;;;;;;;;;;;;;
Oman;OMN;;;; 81.3633117675781 ;;;;; 86.6211395263672 ;; 86.9390029907227 ;;;; 91.981201171875 ; 93.0386123657227 ; 94.8999862670898 ; 95.5759963989258 ; 95.6515274047852 ;;;
Other small states;OSS; 78.7776718139648 ; 79.475227355957 ; 80.3061676025391 ; 81.0053176879883 ; 81.3300933837891 ; 81.957878112793 ; 81.5332107543945 ; 80.5479431152344 ; 81.7263412475586 ; 81.0891494750977 ; 81.4859008789063 ; 82.1919097900391 ; 82.4400329589844 ; 82.8860015869141 ; 83.3042526245117 ; 84.6923217773438 ; 84.615119934082 ; 84.8292617797852 ; 85.0698623657227 ; 85.3642272949219 ; 85.6377487182617 ;
Pakistan;PAK;;;;;; 49.8736381530762 ; 54.1512107849121 ; 52.1368293762207 ; 55.5263710021973 ; 54.8926391601563 ; 55.3751907348633 ; 54.7380218505859 ; 56.7643394470215 ; 55.5949897766113 ; 56.9771499633789 ;;; 59.1320495605469 ; 57.010570526123 ; 57.9988594055176 ;;
Panama;PAN; 91.8996200561523 ;;;;;;;;;; 94.0941162109375 ;;;;;;;; 95.4118118286133 ; 95.7360763549805 ;;
Peru;PER;;;;; 87.6698532104492 ; 87.9086685180664 ; 88.6993408203125 ; 89.5908126831055 ;;;;; 93.8417282104492 ;; 93.7079467773438 ; 94.1623382568359 ; 94.1736679077148 ; 94.1496124267578 ; 94.4082717895508 ;; 94.497932434082 ;
Philippines;PHL; 92.6000595092773 ;;; 92.590690612793 ;;;;; 95.4200973510742 ;;;;; 96.3980026245117 ;; 98.1825485229492 ;;;; 96.2781677246094 ;;
Palau;PLW;;;;;;;;;;;;;; 99.5031280517578 ;; 96.5937423706055 ;;;;;;
Papua New Guinea;PNG; 57.34326171875 ;;;;;;;;;; 61.5999984741211 ;;;;;;;;;;;
Poland;POL;;;;;;;;; 98.7427368164063 ;;;;;;;;;;;;;
Pre-demographic dividend;PRE; 54.7624397277832 ; 55.7725486755371 ; 56.3507194519043 ; 56.7493095397949 ; 57.6816902160645 ; 57.1717109680176 ; 58.5146903991699 ; 54.71630859375 ; 54.6610298156738 ; 53.9586410522461 ; 54.5886192321777 ; 56.3013610839844 ; 58.8340682983398 ; 59.5305290222168 ; 60.5999984741211 ; 59.6622505187988 ; 61.9634704589844 ; 62.9297103881836 ; 62.0014686584473 ; 62.5591812133789 ; 63.079029083252 ;
Puerto Rico;PRI;;;;;;;;;;; 91.9652328491211 ;;;;;;; 92.3899993896484 ;;;;
Korea; Dem. People's Rep.;;;;;;;;;; 99.9981918334961 ;;;;;;;;;;;;
Portugal;PRT;;;;;;;;;;;; 94.47705078125 ;;;;;;; 96.1375885009766 ;;;
Paraguay;PRY;;;;;;;; 94.558219909668 ; 93.2920837402344 ; 93.7542419433594 ; 93.8709182739258 ;; 94.1974716186523 ; 95.0590362548828 ; 95.0348129272461 ; 95.5548400878906 ; 94.6502380371094 ;; 94.0207977294922 ; 93.2135314941406 ; 94.544548034668 ;
West Bank and Gaza;PSE;;;;; 92.4775085449219 ;; 93.4508666992188 ; 93.7617034912109 ; 94.0098419189453 ; 94.4301834106445 ; 94.7174835205078 ; 95.0258178710938 ; 95.671012878418 ; 96.046028137207 ; 96.2129287719727 ; 96.4771194458008 ; 96.7191925048828 ; 96.9244003295898 ; 97.2186126708984 ; 97.3782577514648 ; 97.5144577026367 ;
Pacific island small states;PSS; 88.9802398681641 ; 89.1608123779297 ; 89.3302917480469 ; 89.4766235351563 ; 89.6314697265625 ; 89.7613830566406 ; 89.8786697387695 ; 90.0419692993164 ; 90.2145919799805 ; 90.3834915161133 ; 90.5608596801758 ; 90.686767578125 ; 90.7922134399414 ; 90.8894577026367 ; 90.9466781616211 ; 91.0159912109375 ; 91.1451034545898 ; 91.2779693603516 ; 91.2938079833984 ;;;
Post-demographic dividend;PST;;;;;;;;;;;;;;;;;;;;;;
French Polynesia;PYF;;;;;;;;;;;;;;;;;;;;;;
Qatar;QAT;;;;; 86.7316131591797 ;;; 90.0606231689453 ; 91.0107574462891 ; 91.1514205932617 ; 91.7788467407227 ; 91.3640823364258 ; 90.1700592041016 ; 90.6329879760742 ; 91.3272171020508 ;; 93.1453018188477 ; 93.4639663696289 ;;;;
Romania;ROU;;; 97.2975921630859 ;;;;;;;;; 98.6042861938477 ;;;;;;; 98.8444976806641 ;;;
Russian Federation;RUS;;; 99.4409713745117 ;;;;;;;; 99.6842727661133 ;;;;;;;; 99.7300567626953 ;;;
Rwanda;RWA; 64.8886032104492 ;;;;;;;;;; 65.8522720336914 ;; 68.3310317993164 ;; 70.8041305541992 ;;;; 73.2155914306641 ;;;
South Asia;SAS;;;;;;;;;;;;;;;;;;;;;;
Saudi Arabia;SAU; 79.3509368896484 ;;;; 82.8577423095703 ;;;;;;;;; 94.4263381958008 ;;;; 95.3286285400391 ;;; 97.5850677490234 ;
Sudan;SDN; 61.3458709716797 ;;;;;;;; 53.5173797607422 ;;;;;;;;;; 60.6971817016602 ;;;
Senegal;SEN;;; 39.2752494812012 ;;;; 41.8911514282227 ;;; 48.0367813110352 ;; 51.8145484924316 ;; 43.5345001220703 ;;;; 51.9004211425781 ;;;;
Singapore;SGP; 92.5494003295898 ;;;;;;;;;; 95.8573303222656 ; 96.1860427856445 ; 96.3697891235352 ; 96.5480194091797 ; 96.7166900634766 ; 96.8254928588867 ; 97.049560546875 ; 97.2022171020508 ; 97.344856262207 ; 97.4795837402344 ; 97.1318511962891 ;
Solomon Islands;SLB;;;;;;;;;; 76.5999984741211 ;;;;;;;;;;;;
Sierra Leone;SLE;;;;; 34.826789855957 ;;;;;;;;; 32.4261703491211 ;;;;; 43.2063293457031 ;;;
El Salvador;SLV;;;;;;; 83.5594635009766 ; 82.0286331176758 ; 83.951301574707 ; 84.1028900146484 ; 84.4927215576172 ; 85.4939880371094 ;; 86.767578125 ;; 87.9698486328125 ; 88.1417694091797 ; 88.4827117919922 ; 89.0085983276367 ; 89.1379165649414 ; 89.9845275878906 ;
San Marino;SMR;;;;;;;;;;;;;;;;;;;;;;
Somalia;SOM;;;;;;;;;;;;;;;;;;;;;;
Serbia;SRB;;;; 96.3972396850586 ;;;;;;;; 97.9624099731445 ;;;;; 98.8415069580078 ;;; 99.4825286865234 ;;
Sub-Saharan Africa (excluding high income);SSA; 55.9088096618652 ; 56.895450592041 ; 57.3941497802734 ; 57.840030670166 ; 59.4400100708008 ; 58.4584693908691 ; 59.701000213623 ; 57.2160491943359 ; 57.3043785095215 ; 58.1097602844238 ; 58.668140411377 ; 60.2439117431641 ; 61.3761596679688 ; 62.2443389892578 ; 62.8955917358398 ; 63.4928588867188 ; 64.2029113769531 ; 64.4680404663086 ; 64.9910125732422 ; 65.4219665527344 ; 65.8133697509766 ;
South Sudan;SSD;;;;;;;;; 26.8312797546387 ;;;;;;;;;; 34.5227584838867 ;;;
Sub-Saharan Africa;SSF; 55.9817581176758 ; 56.9662017822266 ; 57.4633903503418 ; 57.9078483581543 ; 59.5036697387695 ; 58.5241889953613 ; 59.7635688781738 ; 57.2840118408203 ; 57.373950958252 ; 58.1771507263184 ; 58.7337303161621 ; 60.3055191040039 ; 61.4390487670898 ; 62.3036117553711 ; 62.9540901184082 ; 63.5493583679199 ; 64.2576599121094 ; 64.5174865722656 ; 65.0389785766602 ; 65.4686126708984 ; 65.8587188720703 ;
Small states;SST; 81.5844192504883 ; 82.1394500732422 ; 82.7854690551758 ; 83.334846496582 ; 83.6181564331055 ; 84.1185531616211 ; 83.8361511230469 ; 83.2343215942383 ; 84.1132431030273 ; 83.6730499267578 ; 83.9923629760742 ; 84.5343170166016 ; 84.7060317993164 ; 85.0368194580078 ; 85.3680419921875 ; 86.4052124023438 ; 86.3523712158203 ; 86.514762878418 ; 86.6913223266602 ; 86.9055023193359 ; 87.1061096191406 ;
Sao Tome and Principe;STP;; 84.9085083007813 ;;;;;;; 69.5363922119141 ;;;; 90.1430969238281 ;;;;;; 92.8166427612305 ;;;
Suriname;SUR;;;;; 89.5980606079102 ;;;; 94.6209411621094 ;; 94.6757507324219 ;; 92.8686599731445 ;;;;;; 94.3832702636719 ;;;
Slovak Republic;SVK;;;;;;;;;;;;;;;;;;;;;;
Slovenia;SVN;;;;; 99.6999969482422 ;;;;;;;;;; 99.6999969482422 ;;;;;;;
Sweden;SWE;;;;;;;;;;;;;;;;;;;;;;
Eswatini;SWZ; 81.6606979370117 ;;;;;;;;;; 83.0982894897461 ;;;;;;;; 88.4193801879883 ;;;
Sint Maarten (Dutch part);SXM;;;;;;;;;;;;;;;;;;;;;;
Seychelles;SYC;;; 91.8364562988281 ;;;;;;;; 93.954231262207 ;;;;;;;; 95.8677062988281 ;;;
Syrian Arab Republic;SYR;;; 82.8882522583008 ;; 80.8445205688477 ;;;;;;;;;;;;;;;;;
Turks and Caicos Islands;TCA;;;;;;;;;;;;;;;;;;;;;;
Chad;TCD; 25.6542091369629 ;;;; 28.3814296722412 ;;;;;;;;;;; 26.0029907226563 ; 22.3115501403809 ;;;;;
East Asia & Pacific (IDA & IBRD countries);TEA; 90.4361267089844 ; 90.8923416137695 ; 91.2760696411133 ; 91.6527481079102 ; 91.9947509765625 ; 92.3678207397461 ; 92.7965393066406 ; 93.8873977661133 ; 94.1274185180664 ; 94.4515609741211 ; 94.5415725708008 ; 94.3878173828125 ; 94.6125793457031 ; 94.7149429321289 ; 95.1367111206055 ; 95.3528671264648 ; 95.4848327636719 ; 95.6769104003906 ; 95.8285980224609 ; 95.9781036376953 ; 96.1263198852539 ;
Europe & Central Asia (IDA & IBRD countries);TEC; 97.0662307739258 ; 97.1375503540039 ; 97.2159576416016 ; 97.2803421020508 ; 97.4335632324219 ; 97.6178512573242 ; 97.5854415893555 ; 97.6692733764648 ; 97.6783676147461 ; 98.1577911376953 ; 98.4280471801758 ; 98.6479873657227 ; 98.7637405395508 ; 98.8072204589844 ; 98.8376007080078 ; 98.8642425537109 ; 98.9690475463867 ; 98.9483489990234 ; 98.9805068969727 ; 99.0131530761719 ; 99.0442810058594 ;
Togo;TGO; 53.1776008605957 ;;;;;; 56.888370513916 ;;; 57.0933799743652 ;; 60.4099388122559 ;;;; 63.7456207275391 ;;;; 66.5370788574219 ;;
Thailand;THA; 92.6465377807617 ;;;;; 93.5064697265625 ;;;;; 96.430908203125 ;;; 93.7020721435547 ;; 92.8683090209961 ;;; 93.7677612304688 ;;;
Tajikistan;TJK; 99.45068359375 ;;;;;;;;;;;;;; 99.8000030517578 ;;;;;;;
Turkmenistan;TKM;;;;;;;;;;;;;;; 99.6999969482422 ;;;;;;;
Latin America & the Caribbean (IDA & IBRD countries);TLA; 88.7361373901367 ; 88.8376312255859 ; 88.9533386230469 ; 89.7469787597656 ; 89.7291793823242 ; 90.2246704101563 ; 90.2404022216797 ; 90.8343276977539 ; 91.0823974609375 ; 91.4784927368164 ; 91.458251953125 ; 92.0675735473633 ; 92.2974395751953 ; 92.3465728759766 ; 92.8014221191406 ; 92.9957962036133 ; 93.4726409912109 ; 93.5907821655273 ; 93.7561264038086 ; 94.1944885253906 ; 94.3563079833984 ;
Timor-Leste;TLS;; 37.5999984741211 ;;;;;; 50.5999984741211 ;;; 58.3089790344238 ;;;;;;;; 68.0668334960938 ;;;
Middle East & North Africa (IDA & IBRD countries);TMN; 67.0573806762695 ; 68.2152481079102 ; 68.5126419067383 ; 72.2011489868164 ; 73.1086807250977 ; 72.5073013305664 ; 72.4950332641602 ; 72.9098587036133 ; 73.5113983154297 ; 73.234977722168 ; 74.0603637695313 ; 74.2920532226563 ; 77.3173522949219 ; 76.9356689453125 ; 78.603759765625 ; 76.4035415649414 ; 77.6045684814453 ; 78.8319778442383 ; 75.7225799560547 ; 76.0999069213867 ; 76.4765930175781 ;
Tonga;TON;;;;;;; 99.0184631347656 ;;;;; 99.3855285644531 ;;;;;;; 99.4143676757813 ;;;
South Asia (IDA & IBRD);TSA; 57.6893501281738 ; 58.1300392150879 ; 59.2120780944824 ; 60.101001739502 ; 60.8724517822266 ; 60.6429290771484 ; 60.8131103515625 ; 61.7144813537598 ; 63.6383514404297 ; 64.3376922607422 ; 66.0190124511719 ; 66.5131912231445 ; 67.2677764892578 ; 68.0131072998047 ; 68.7347869873047 ; 69.6573486328125 ; 70.9991683959961 ; 71.6951522827148 ; 72.2438812255859 ; 72.9514465332031 ; 73.6545181274414 ;
Sub-Saharan Africa (IDA & IBRD countries);TSS; 55.9817581176758 ; 56.9662017822266 ; 57.4633903503418 ; 57.9078483581543 ; 59.5036697387695 ; 58.5241889953613 ; 59.7635688781738 ; 57.2840118408203 ; 57.373950958252 ; 58.1771507263184 ; 58.7337303161621 ; 60.3055191040039 ; 61.4390487670898 ; 62.3036117553711 ; 62.9540901184082 ; 63.5493583679199 ; 64.2576599121094 ; 64.5174865722656 ; 65.0389785766602 ; 65.4686126708984 ; 65.8587188720703 ;
Trinidad and Tobago;TTO; 97.9000015258789 ;;;;;;;;;; 98.6999969482422 ;;;;;;;;;;;
Tunisia;TUN;;;;; 74.2969970703125 ;;; 77.1903991699219 ; 77.7146224975586 ;; 79.1305770874023 ; 79.6539077758789 ; 80.21875 ;; 79.0364303588867 ;;;;;;;
Turkiye;TUR;;;;; 87.3654937744141 ; 88.2290573120117 ; 88.1193923950195 ; 88.6558990478516 ;; 90.8167190551758 ; 92.6605987548828 ; 94.106086730957 ; 94.9197463989258 ; 95.2566604614258 ; 95.4396286010742 ; 95.6014175415039 ; 96.1673278808594 ; 96.1505279541016 ;; 96.7422103881836 ;;
Tuvalu;TUV;;;;;;;;;;;;;;;;;;;;;;
Tanzania;TZA;;; 69.4309005737305 ;;;;;;;; 67.8006973266602 ;; 78.1005935668945 ;;; 77.8872299194336 ;;;;;;
Uganda;UGA;;; 68.1425094604492 ;;;; 71.3731384277344 ;;;; 73.2118835449219 ;; 70.1982192993164 ;;;;;; 76.5274963378906 ;;;
Ukraine;UKR;; 99.4304122924805 ;;;;;;;;;;; 99.9743499755859 ;;;;;;;;;
Upper middle income;UMC; 90.5865325927734 ; 90.9703521728516 ; 91.1995391845703 ; 91.7346572875977 ; 92.0193176269531 ; 92.3886108398438 ; 92.6544494628906 ; 93.5033721923828 ; 93.7373733520508 ; 94.0057601928711 ; 94.1479187011719 ; 94.3733291625977 ; 94.7850112915039 ; 94.8418197631836 ; 95.2586135864258 ; 95.0996170043945 ; 95.6237564086914 ; 95.6708526611328 ; 95.4514465332031 ; 95.6483383178711 ; 95.7968215942383 ;
Uruguay;URY;;;;;;; 97.7896270751953 ; 97.8638916015625 ; 98.1635589599609 ; 98.2672271728516 ; 98.0727081298828 ; 98.3358993530273 ; 98.3959426879883 ; 98.3638687133789 ; 98.4359283447266 ; 98.5238723754883 ; 98.5614700317383 ; 98.61572265625 ; 98.703857421875 ; 98.7703475952148 ;;
United States;USA;;;;;;;;;;;;;;;;;;;;;;
Uzbekistan;UZB; 98.642578125 ;;;;;;;;;;;;; 99.9948577880859 ; 99.9805526733398 ; 99.9838333129883 ; 99.986572265625 ;; 99.9928894042969 ; 99.9999465942383 ;;
St. Vincent and the Grenadines;VCT;;;;;;;;;;;;;;;;;;;;;;
Venezuela; RB;;; 92.9798278808594 ;;;;;; 95.1546401977539 ;; 95.5119934082031 ;; 94.7702178955078 ;;;; 96.6052169799805 ; 97.1270904541016 ;;;;
British Virgin Islands;VGB;;;;;;;;;;;;;;;;;;;;;;
Virgin Islands (U.S.);VIR;;;;;;;;;;;;;;;;;;;;;;
Vietnam;VNM; 90.1561279296875 ;;;;;;;;; 93.5204467773438 ;;;;;;;;;; 95.7538681030273 ;;
Vanuatu;VUT;;;;; 78.4000015258789 ;;;;;;;;;; 84.6999969482422 ;;;; 87.5063095092773 ;;;
World;WLD; 80.6754302978516 ; 80.9933700561523 ; 81.3953094482422 ; 81.92431640625 ; 82.3443298339844 ; 82.2602996826172 ; 82.525993347168 ; 82.8167572021484 ; 83.3397369384766 ; 83.6233291625977 ; 84.0216293334961 ; 84.2837677001953 ; 84.7296829223633 ; 84.9317169189453 ; 85.3606033325195 ; 85.5423202514648 ; 85.9855117797852 ; 86.2201614379883 ; 86.246940612793 ; 86.4783020019531 ; 86.6822128295898 ;
Samoa;WSM;;;;;;;;;;;; 98.973258972168 ;;;;;;; 99.0957717895508 ;;;
Kosovo;XKX;;;;;;;;;;;;;;;;;;;;;;
Yemen; Rep.;;;;;; 54.0999984741211 ;;;;;;;;;;;;;;;;
South Africa;ZAF;;;;;;;; 88.7172470092773 ;; 92.8948593139648 ; 92.8773193359375 ; 93.1021423339844 ; 93.7294692993164 ;; 94.1399002075195 ; 94.367919921875 ;; 87.0466690063477 ;; 95.0229721069336 ;;
Zambia;ZMB;;; 69.1492233276367 ;;;;; 61.1270904541016 ;;; 83.0076675415039 ;;;;;;;; 86.7479629516602 ;;;
Zimbabwe;ZWE;;;;;;;;;;;; 83.5827102661133 ;;; 88.6934204101563 ;;;;;;;
